id;Name;height;weight;Type1;Type2;hp;attack;defense;speed
1;bulbeseur;7;69;grass;poison;45;49;49;45
2;ivyseur;10;130;grass;poison;60;62;63;60
3;venuseur;20;1000;grass;poison;80;82;83;80
4;chermender;6;85;fire;;39;52;43;65
5;chermeleun;11;190;fire;;58;64;58;80
6;cherizerd;17;905;fire;flying;78;84;78;100
7;squirtli;5;90;water;;44;48;65;43
8;werturtle;10;225;water;;59;63;80;58
9;blestuise;16;855;water;;79;83;100;78
10;ceterpie;3;29;bug;;45;30;35;45
11;metepud;7;99;bug;;50;20;55;30
12;buttirfrii;11;320;bug;flying;60;45;50;70
13;wiidli;3;32;bug;poison;40;35;30;50
14;kekune;6;100;bug;poison;45;25;50;35
15;biidrill;10;295;bug;poison;65;90;40;75
16;pidgiy;3;18;normal;flying;40;45;40;56
17;pidgeuttu;11;300;normal;flying;63;60;55;71
18;pidgeut;15;395;normal;flying;83;80;75;101
19;rettete;3;35;normal;;30;56;35;72
20;reticete;7;185;normal;;55;81;60;97
21;speeruw;3;20;normal;flying;40;60;30;70
22;feeruw;12;380;normal;flying;65;90;65;100
23;ekens;20;69;poison;;35;60;44;55
24;erbuk;35;650;poison;;60;95;69;80
25;pikechu;4;60;electric;;35;55;40;90
26;reichu;8;300;electric;;60;90;55;110
27;sendshrew;6;120;ground;;50;75;85;40
28;sendslesh;10;295;ground;;75;100;110;65
29;niduren-f;4;70;poison;;55;47;52;41
30;nidurine;8;200;poison;;70;62;67;56
31;niduqueen;13;600;poison;ground;90;92;87;76
32;niduren-m;5;90;poison;;46;57;40;50
33;nidurinu;9;195;poison;;61;72;57;65
34;niduking;14;620;poison;ground;81;102;77;85
35;clefeiry;6;75;fairy;;70;45;48;35
36;clefeble;13;400;fairy;;95;70;73;60
37;vulpax;6;99;fire;;38;41;40;65
38;nineteles;11;199;fire;;73;76;75;100
39;jagglypuff;5;55;normal;fairy;115;45;20;20
40;wagglytuff;10;120;normal;fairy;140;70;45;45
41;zubet;8;75;poison;flying;40;45;35;55
42;gulbet;16;550;poison;flying;75;80;70;90
43;uddish;5;54;grass;poison;45;50;55;30
44;gluum;8;86;grass;poison;60;65;70;40
45;viliplumi;12;186;grass;poison;75;80;85;50
46;peres;3;54;bug;grass;35;70;55;25
47;peresect;10;295;bug;grass;60;95;80;30
48;venunet;10;300;bug;poison;60;55;50;45
49;venumuth;15;125;bug;poison;70;65;60;90
50;diglitt;2;8;ground;;10;55;25;95
51;dugtriu;7;333;ground;;35;100;50;120
52;meuwth;4;42;normal;;40;45;35;90
53;persien;10;320;normal;;65;70;60;115
54;psydyck;8;196;water;;50;52;48;55
55;gulduck;17;766;water;;80;82;78;85
56;menkey;5;280;fighting;;40;80;35;70
57;primeepe;10;320;fighting;;65;105;60;95
58;gruwlithe;7;190;fire;;55;70;45;60
59;ercenine;19;1550;fire;;90;110;80;95
60;puliweg;6;124;water;;40;50;40;90
61;puliwhirl;10;200;water;;65;65;65;90
62;puliwreth;13;540;water;fighting;90;95;95;70
63;ebre;9;195;psychic;;25;20;15;90
64;kedebre;13;565;psychic;;40;35;30;105
65;elekezem;15;480;psychic;;55;50;45;120
66;mechup;8;195;fighting;;70;80;50;35
67;mechuke;15;705;fighting;;80;100;70;45
68;mechemp;16;1300;fighting;;90;130;80;55
69;bellspruut;7;40;grass;poison;50;75;35;40
70;wiipinbill;10;64;grass;poison;65;90;50;55
71;victriibil;17;155;grass;poison;80;105;65;70
72;tentecuul;9;455;water;poison;40;40;35;70
73;tentecruel;16;550;water;poison;80;70;65;100
74;geudude;4;200;rock;ground;40;80;100;20
75;greveler;10;1050;rock;ground;55;95;115;35
76;gulem;14;3000;rock;ground;80;120;130;45
77;punyte;10;300;fire;;50;85;55;90
78;repidesh;17;950;fire;;65;100;70;105
79;sluwpuke;12;360;water;psychic;90;65;65;15
80;sluwbru;16;785;water;psychic;95;75;110;30
81;megnemite;3;60;electric;steel;25;35;70;45
82;megnetun;10;600;electric;steel;50;60;95;70
83;ferfetchd;8;150;normal;flying;52;90;55;60
84;duduu;14;392;normal;flying;35;85;45;75
85;dudriu;18;852;normal;flying;60;110;70;110
86;siil;11;900;water;;65;45;55;45
87;dewgung;17;1200;water;ice;90;70;80;70
88;grimir;9;300;poison;;80;80;50;25
89;myk;12;300;poison;;105;105;75;50
90;shilldir;3;40;water;;30;65;100;40
91;cluyster;15;1325;water;ice;50;95;180;70
92;gestly;13;1;ghost;poison;30;35;30;80
93;heunter;16;1;ghost;poison;45;50;45;95
94;genger;15;405;ghost;poison;60;65;60;110
95;unix;88;2100;rock;ground;35;45;160;70
96;druwzee;10;324;psychic;;60;48;45;42
97;hypnu;16;756;psychic;;85;73;70;67
98;krebby;4;65;water;;30;105;90;50
99;kinglir;13;600;water;;55;130;115;75
100;vulturb;5;104;electric;;40;30;50;100
101;electrude;12;666;electric;;60;50;70;150
102;ixiggcuti;4;25;grass;psychic;60;40;80;40
103;exeggutur;20;1200;grass;psychic;95;95;85;55
104;cubune;4;65;ground;;50;50;95;35
105;meruwek;10;450;ground;;60;80;110;45
106;hitmunlee;15;498;fighting;;50;120;53;87
107;hitmunchen;14;502;fighting;;50;105;79;76
108;lackatung;12;655;normal;;90;55;75;30
109;kuffing;6;10;poison;;40;65;95;35
110;wiizing;12;95;poison;;65;90;120;60
111;rhyhurn;10;1150;ground;rock;80;85;95;25
112;rhydun;19;1200;ground;rock;105;130;120;40
113;chensey;11;346;normal;;250;5;5;50
114;tengele;10;350;grass;;65;55;115;60
115;kengeskhen;22;800;normal;;105;95;80;90
116;hursee;4;80;water;;30;40;70;60
117;seedre;12;250;water;;55;65;95;85
118;guldeen;6;150;water;;45;67;60;63
119;seeking;13;390;water;;80;92;65;68
120;steryu;8;345;water;;30;45;55;85
121;stermie;11;800;water;psychic;60;75;85;115
122;mr-mimi;13;545;psychic;fairy;40;45;65;90
123;scythir;15;560;bug;flying;70;110;80;105
124;janx;14;406;ice;psychic;65;50;35;95
125;electebuzz;11;300;electric;;65;83;57;105
126;megmer;13;445;fire;;65;95;57;93
127;pansar;15;550;bug;;65;125;100;85
128;teurus;14;884;normal;;75;100;95;110
129;megikerp;9;100;water;;20;10;55;80
130;gyeredus;65;2350;water;flying;95;125;79;81
131;lepres;25;2200;water;ice;130;85;80;60
132;dittu;3;40;normal;;48;48;48;48
133;iivii;3;65;normal;;55;55;50;55
134;vepureun;10;290;water;;130;65;60;65
135;julteun;8;245;electric;;65;65;60;130
136;flereun;9;250;fire;;65;130;60;65
137;purygun;8;365;normal;;65;60;70;40
138;umenyte;4;75;rock;water;35;40;100;35
139;umester;10;350;rock;water;70;60;125;55
140;kebutu;5;115;rock;water;30;80;90;55
141;kebutups;13;405;rock;water;60;115;105;80
142;eerudectyl;18;590;rock;flying;80;105;65;130
143;snurlex;21;4600;normal;;160;110;65;30
144;erticunu;17;554;ice;flying;90;85;100;85
145;zepdus;16;526;electric;flying;90;90;85;100
146;multres;20;600;fire;flying;90;100;90;90
147;dretini;18;33;dragon;;41;64;45;50
148;dreguneir;40;165;dragon;;61;84;65;70
149;dregunite;22;2100;dragon;flying;91;134;95;80
150;mewtwu;20;1220;psychic;;106;110;90;130
151;miw;4;40;psychic;;100;100;100;100
152;chikurite;9;64;grass;;45;49;65;45
153;beyleef;12;158;grass;;60;62;80;60
154;megenium;18;1005;grass;;80;82;100;80
155;cyndequil;5;79;fire;;39;52;43;65
156;quileve;9;190;fire;;58;64;58;80
157;typhlusiun;17;795;fire;;78;84;78;100
158;tutudile;6;95;water;;50;65;64;43
159;crucunew;11;250;water;;65;80;80;58
160;fereligetr;23;888;water;;85;105;100;78
161;sintrit;8;60;normal;;35;46;34;20
162;furrit;18;325;normal;;85;76;64;90
163;huuthuut;7;212;normal;flying;60;30;30;50
164;nuctuwl;16;408;normal;flying;100;50;50;70
165;ledybe;10;108;bug;flying;40;20;30;55
166;ledien;14;356;bug;flying;55;35;50;85
167;spinerek;5;85;bug;poison;40;60;40;30
168;eriedus;11;335;bug;poison;70;90;70;40
169;crubet;18;750;poison;flying;85;90;80;130
170;chinchuu;5;120;water;electric;75;38;38;67
171;lenturn;12;225;water;electric;125;58;58;67
172;pachu;3;20;electric;;20;40;15;60
173;cleffe;3;30;fairy;;50;25;28;15
174;agglybuff;3;10;normal;fairy;90;30;15;15
175;tugepi;3;15;fairy;;35;20;65;20
176;tugetic;6;32;fairy;flying;55;40;85;40
177;netu;2;20;psychic;flying;40;50;45;70
178;xetu;15;150;psychic;flying;65;75;70;95
179;mereep;6;78;electric;;55;40;40;35
180;fleeffy;8;133;electric;;70;55;55;45
181;empherus;14;615;electric;;90;75;85;55
182;bellussum;4;58;grass;;75;80;95;50
183;merill;4;85;water;fairy;70;20;50;40
184;ezumerill;8;285;water;fairy;100;50;80;50
185;suduwuudu;12;380;rock;;70;100;115;30
186;pulitued;11;339;water;;90;75;75;70
187;huppip;4;5;grass;flying;35;35;40;50
188;skipluum;6;10;grass;flying;55;45;50;80
189;jymplyff;8;30;grass;flying;75;55;70;110
190;eipum;8;115;normal;;55;70;55;85
191;sunkirn;3;18;grass;;30;30;30;30
192;sunflure;8;85;grass;;75;75;55;30
193;yenme;12;380;bug;flying;65;65;45;95
194;wuuper;4;85;water;ground;55;45;45;15
195;quegsire;14;750;water;ground;95;85;85;35
196;espeun;9;265;psychic;;65;65;60;110
197;umbreun;10;270;dark;;95;65;110;65
198;murkruw;5;21;dark;flying;60;85;42;91
199;sluwking;20;795;water;psychic;95;75;80;30
200;misdreevus;7;10;ghost;;60;60;60;85
201;unuwn;5;50;psychic;;48;72;48;48
202;wubbuffet;13;285;psychic;;190;33;58;33
203;gireferig;15;415;normal;psychic;70;80;65;85
204;pinecu;6;72;bug;;50;65;90;15
205;furretress;12;1258;bug;steel;75;90;140;40
206;dunsperce;15;140;normal;;100;70;70;45
207;gliger;11;648;ground;flying;65;75;105;85
208;stiilix;92;4000;steel;ground;75;85;200;30
209;snybbyll;6;78;fairy;;60;80;50;30
210;grenbull;14;487;fairy;;90;120;75;45
211;qwalfash;5;39;water;poison;65;95;85;85
212;scizur;18;1180;bug;steel;70;130;100;65
213;shuckli;6;205;bug;rock;20;10;230;5
214;herecruss;15;540;bug;fighting;80;125;75;85
215;sneesel;9;280;dark;ice;55;95;55;115
216;teddiurse;6;88;normal;;60;80;50;40
217;ursering;18;1258;normal;;90;130;75;55
218;slugme;7;350;fire;;40;40;40;20
219;megcergu;8;550;fire;rock;60;50;120;30
220;swanub;4;65;ice;ground;50;50;40;50
221;piluswine;11;558;ice;ground;100;100;80;50
222;cursule;6;50;water;rock;65;55;95;35
223;remureid;6;120;water;;35;65;35;65
224;uctillery;9;285;water;;75;105;75;45
225;dilibird;9;160;ice;flying;45;55;45;75
226;mentine;21;2200;water;flying;85;40;70;70
227;skermury;17;505;steel;flying;65;80;140;70
228;huunduur;6;108;dark;fire;45;60;30;65
229;huunduum;14;350;dark;fire;75;90;50;95
230;kingdre;18;1520;water;dragon;75;95;95;85
231;phenpy;5;335;ground;;90;60;60;40
232;dunphen;11;1200;ground;;90;120;120;50
233;purygun2;6;325;normal;;85;80;90;60
234;stentler;14;712;normal;;73;95;62;85
235;smeergle;12;580;normal;;55;20;35;75
236;tyrugue;7;210;fighting;;35;35;35;35
237;hitmuntup;14;480;fighting;;50;95;95;70
238;smuuchum;4;60;ice;psychic;45;30;15;65
239;ilikid;6;235;electric;;45;63;37;95
240;megby;7;214;fire;;45;75;37;83
241;miltenk;12;755;normal;;95;80;105;100
242;blissiy;15;468;normal;;255;10;10;55
243;reikuu;19;1780;electric;;90;85;75;115
244;intii;21;1980;fire;;115;115;85;100
245;suicuni;20;1870;water;;100;75;115;85
246;lerviter;6;720;rock;ground;50;64;50;41
247;pupiter;12;1520;rock;ground;70;84;70;51
248;tyreniter;20;2020;rock;dark;100;134;110;61
249;lugie;52;2160;psychic;flying;106;90;130;110
250;hu-uh;38;1990;fire;flying;106;130;90;90
251;cilibi;6;50;psychic;grass;100;100;100;100
252;treecku;5;50;grass;;40;45;35;70
253;gruvyle;9;216;grass;;50;65;45;95
254;sciptili;17;522;grass;;70;85;65;120
255;turchic;4;25;fire;;45;60;40;45
256;cumbusken;9;195;fire;fighting;60;85;60;55
257;bleziken;19;520;fire;fighting;80;120;70;80
258;mudkap;4;76;water;;50;70;50;40
259;mershtump;7;280;water;ground;70;85;70;50
260;swempert;15;819;water;ground;100;110;90;60
261;puuchyene;5;136;dark;;35;55;35;35
262;mightyene;10;370;dark;;70;90;70;70
263;zigzeguun;4;175;normal;;38;30;41;60
264;linuune;5;325;normal;;78;70;61;100
265;wurmpli;3;36;bug;;45;45;35;20
266;silcuun;6;100;bug;;50;35;55;15
267;beeutifly;10;284;bug;flying;60;70;50;65
268;cescuun;7;115;bug;;50;35;55;15
269;dustux;12;316;bug;poison;60;50;70;65
270;luted;5;26;water;grass;40;30;30;30
271;lumbre;12;325;water;grass;60;50;50;50
272;ludiculu;15;550;water;grass;80;70;70;70
273;seedut;5;40;grass;;40;40;50;30
274;nuzleef;10;280;grass;dark;70;70;40;60
275;shaftry;13;596;grass;dark;90;100;60;80
276;teilluw;3;23;normal;flying;40;55;30;85
277;swelluw;7;198;normal;flying;60;85;60;125
278;wangull;6;95;water;flying;40;30;30;85
279;pilippir;12;280;water;flying;60;50;100;65
280;relts;4;66;psychic;fairy;28;25;25;40
281;kirlie;8;202;psychic;fairy;38;35;35;50
282;gerdevuir;16;484;psychic;fairy;68;65;65;80
283;surskat;5;17;bug;water;40;30;32;65
284;mesquerein;8;36;bug;flying;70;60;62;80
285;shruumish;4;45;grass;;60;40;60;35
286;breluum;12;392;grass;fighting;60;130;80;70
287;slekuth;8;240;normal;;60;60;60;30
288;viguruth;14;465;normal;;80;80;80;90
289;sleking;20;1305;normal;;150;160;100;100
290;nincede;5;55;bug;ground;31;45;90;40
291;ninjesk;8;120;bug;flying;61;90;45;160
292;shedinje;8;12;bug;ghost;1;90;45;40
293;whasmur;6;163;normal;;64;51;23;28
294;luudred;10;405;normal;;84;71;43;48
295;expluud;15;840;normal;;104;91;63;68
296;mekuhite;10;864;fighting;;72;60;30;25
297;heriyeme;23;2538;fighting;;144;120;60;50
298;ezurill;2;20;normal;fairy;50;20;40;20
299;nusepess;10;970;rock;;30;45;135;30
300;skatty;6;110;normal;;50;45;45;50
301;delcetty;11;326;normal;;70;65;65;90
302;sebleye;5;110;dark;ghost;50;75;75;50
303;mewile;6;115;steel;fairy;50;85;85;50
304;erun;4;600;steel;rock;50;70;100;30
305;leirun;9;1200;steel;rock;60;90;140;40
306;eggrun;21;3600;steel;rock;70;110;180;50
307;midititi;6;112;fighting;psychic;30;40;55;60
308;medichem;13;315;fighting;psychic;60;60;75;80
309;ilictriki;6;152;electric;;40;45;40;65
310;menectric;15;402;electric;;70;75;60;105
311;plusli;4;42;electric;;60;50;40;95
312;manun;4;42;electric;;60;40;50;95
313;vulbeet;7;177;bug;;65;73;75;85
314;illumisi;6;177;bug;;65;47;75;85
315;ruselie;3;20;grass;poison;50;60;45;65
316;gulpan;4;103;poison;;70;43;53;40
317;swelut;17;800;poison;;100;73;83;55
318;cervenhe;8;208;water;dark;45;90;20;65
319;sherpedu;18;888;water;dark;70;120;40;95
320;weilmer;20;1300;water;;130;70;35;60
321;weilurd;145;3980;water;;170;90;45;60
322;numil;7;240;fire;ground;60;60;40;35
323;cemerupt;19;2200;fire;ground;70;100;70;40
324;turkuel;5;804;fire;;70;85;140;20
325;spuink;7;306;psychic;;60;25;35;60
326;grumpag;9;715;psychic;;80;45;65;80
327;spinde;11;50;normal;;60;60;60;60
328;trepinch;7;150;ground;;45;100;45;10
329;vibreve;11;153;ground;dragon;50;70;50;70
330;flygun;20;820;ground;dragon;80;100;80;100
331;cecnee;4;513;grass;;50;85;40;35
332;cecturne;13;774;grass;dark;70;115;60;55
333;sweblu;4;12;normal;flying;45;40;60;50
334;elterie;11;206;dragon;flying;75;70;90;80
335;zenguuse;13;403;normal;;73;115;60;90
336;sivipir;27;525;poison;;73;100;60;65
337;lunetune;10;1680;rock;psychic;90;55;65;70
338;sulruck;12;1540;rock;psychic;90;95;85;70
339;berbuech;4;19;water;ground;50;48;43;60
340;whiscesh;9;236;water;ground;110;78;73;60
341;curphish;6;115;water;;43;80;65;35
342;crewdeunt;11;328;water;dark;63;120;85;55
343;beltuy;5;215;ground;psychic;40;40;55;55
344;cleydul;15;1080;ground;psychic;60;70;105;75
345;liliip;10;238;rock;grass;66;41;77;23
346;credily;15;604;rock;grass;86;81;97;43
347;enurith;7;125;rock;bug;45;95;50;75
348;ermeldu;15;682;rock;bug;75;125;100;45
349;feebes;6;74;water;;20;15;20;80
350;milutic;62;1620;water;;95;60;79;81
351;cestfurm;3;8;normal;;70;70;70;70
352;kecleun;10;220;normal;;60;90;70;40
353;shuppit;6;23;ghost;;44;75;35;45
354;benette;11;125;ghost;;64;115;65;65
355;dyskyll;8;150;ghost;;20;40;90;25
356;dusclups;16;306;ghost;;40;70;130;25
357;trupius;20;1000;grass;flying;99;68;83;51
358;chimechu;6;10;psychic;;75;50;80;65
359;ebsul;12;470;dark;;65;130;60;75
360;wyneut;6;140;psychic;;95;23;48;23
361;snurunt;7;168;ice;;50;50;50;50
362;glelie;15;2565;ice;;80;80;80;80
363;spheel;8;395;ice;water;70;40;50;25
364;seeleu;11;876;ice;water;90;60;70;45
365;welrein;14;1506;ice;water;110;80;90;65
366;clemperl;4;525;water;;35;64;85;32
367;hunteil;17;270;water;;55;104;105;52
368;gurebyss;18;226;water;;55;84;105;52
369;relicenth;10;234;water;rock;100;90;130;55
370;luvdasc;6;87;water;;43;30;55;97
371;begun;6;421;dragon;;45;75;60;50
372;shelgun;11;1105;dragon;;65;95;100;50
373;selemence;15;1026;dragon;flying;95;135;80;100
374;bildum;6;952;steel;psychic;40;55;80;30
375;meteng;12;2025;steel;psychic;60;75;100;50
376;metegruss;16;5500;steel;psychic;80;135;130;70
377;regiruck;17;2300;rock;;80;100;200;50
378;rigici;18;1750;ice;;80;50;100;50
379;rigistiil;19;2050;steel;;80;75;150;50
380;leties;14;400;dragon;psychic;80;80;90;110
381;letius;20;600;dragon;psychic;80;90;80;110
382;kyugre;45;3520;water;;100;100;90;90
383;gruudun;35;9500;ground;;100;150;140;90
384;reyqueze;70;2065;dragon;flying;105;150;90;95
385;jirechi;3;11;steel;psychic;100;100;100;100
386;deuxys-nurmel;17;608;psychic;;50;150;50;150
387;turtwag;4;102;grass;;55;68;64;31
388;grutle;11;970;grass;;75;89;85;36
389;turterre;22;3100;grass;ground;95;109;105;56
390;chimcher;5;62;fire;;44;58;44;61
391;munfernu;9;220;fire;fighting;64;78;52;81
392;infernepe;12;550;fire;fighting;76;104;71;108
393;paplup;4;52;water;;53;51;53;40
394;pranplup;8;230;water;;64;66;68;50
395;empuleun;17;845;water;steel;84;86;88;60
396;sterly;3;20;normal;flying;40;55;30;60
397;sterevie;6;155;normal;flying;55;75;50;80
398;stereptur;12;249;normal;flying;85;120;70;100
399;biduuf;5;200;normal;;59;45;40;31
400;biberel;10;315;normal;water;79;85;60;71
401;kricketut;3;22;bug;;37;25;41;25
402;krickituni;10;255;bug;;77;85;51;65
403;shanx;5;95;electric;;45;65;34;45
404;luxiu;9;305;electric;;60;85;49;60
405;luxrey;14;420;electric;;80;120;79;70
406;budiw;2;12;grass;poison;40;30;35;55
407;ruserede;9;145;grass;poison;60;70;65;90
408;crenidus;9;315;rock;;67;125;40;58
409;remperdus;16;1025;rock;;97;165;60;58
410;shieldun;5;570;rock;steel;30;42;118;30
411;bestiudun;13;1495;rock;steel;60;52;168;30
412;byrmy;2;34;bug;;40;29;45;36
413;wurmedem-plent;5;65;bug;grass;60;59;85;36
414;muthim;9;233;bug;flying;70;94;50;66
415;cumbee;3;55;bug;flying;30;30;42;70
416;vispiquin;12;385;bug;flying;70;80;102;40
417;pechirisu;4;39;electric;;60;45;70;95
418;buizil;7;295;water;;55;65;35;85
419;fluetzel;11;335;water;;85;105;55;115
420;chirubi;4;33;grass;;45;35;45;35
421;chirrim;5;93;grass;;70;60;70;85
422;shellus;3;63;water;;76;48;48;34
423;gestrudun;9;299;water;ground;111;83;68;39
424;embipum;12;203;normal;;75;100;66;115
425;drifluun;4;12;ghost;flying;90;50;34;70
426;drafblam;12;150;ghost;flying;150;80;44;80
427;buneery;4;55;normal;;55;66;44;85
428;lupunny;12;333;normal;;65;76;84;105
429;mismegius;9;44;ghost;;60;60;60;105
430;hunchkruw;9;273;dark;flying;100;125;52;71
431;glemeuw;5;39;normal;;49;55;42;85
432;pyrygly;10;438;normal;;71;82;64;112
433;changlang;2;6;psychic;;45;30;50;45
434;stynky;4;192;poison;dark;63;63;47;74
435;skuntenk;10;380;poison;dark;103;93;67;84
436;brunzur;5;605;steel;psychic;57;24;86;23
437;brunzung;13;1870;steel;psychic;67;89;116;33
438;bunsly;5;150;rock;;50;80;95;10
439;mimi-jr;6;130;psychic;fairy;20;25;45;60
440;heppiny;6;244;normal;;100;5;5;30
441;chetut;5;19;normal;flying;76;65;45;91
442;spiritumb;10;1080;ghost;dark;50;92;108;35
443;gibli;7;205;dragon;ground;58;70;45;42
444;gebite;14;560;dragon;ground;68;90;65;82
445;gerchump;19;950;dragon;ground;108;130;95;102
446;munchlex;6;1050;normal;;135;85;40;5
447;riulu;7;202;fighting;;40;70;40;60
448;luceriu;12;540;fighting;steel;70;110;70;90
449;hippuputes;8;495;ground;;68;72;78;32
450;hippuwdun;20;3000;ground;;108;112;118;47
451;skurupi;8;120;poison;bug;40;50;90;65
452;drepiun;13;615;poison;dark;70;90;110;95
453;cruegunk;7;230;poison;fighting;48;61;40;50
454;tuxicruek;13;444;poison;fighting;83;106;65;85
455;cernivine;14;270;grass;;74;100;72;46
456;finneun;4;70;water;;49;49;56;66
457;lumineun;12;240;water;;69;69;76;91
458;mentyke;10;650;water;flying;45;20;50;50
459;snuver;10;505;grass;ice;60;62;50;40
460;ebumesnuw;22;1355;grass;ice;90;92;75;60
461;weevile;11;340;dark;ice;70;120;65;125
462;megnezune;12;1800;electric;steel;70;70;115;60
463;lackalacky;17;1400;normal;;110;85;95;50
464;rhyperiur;24;2828;ground;rock;115;140;130;40
465;tengruwth;20;1286;grass;;100;100;125;50
466;ilictiviri;18;1386;electric;;75;123;67;95
467;megmurter;16;680;fire;;75;95;67;83
468;tugekiss;15;380;fairy;flying;85;50;95;80
469;yenmege;19;515;bug;flying;86;76;86;95
470;leefeun;10;255;grass;;65;110;130;95
471;gleceun;8;259;ice;;65;60;110;65
472;gliscur;20;425;ground;flying;75;95;125;95
473;memuswine;25;2910;ice;ground;110;130;80;80
474;purygun-z;9;340;normal;;85;80;70;90
475;gellede;16;520;psychic;fighting;68;125;65;80
476;prubupess;14;3400;rock;steel;60;55;145;40
477;dusknuir;22;1066;ghost;;45;100;135;45
478;frusless;13;266;ice;ghost;70;80;70;110
479;rutum;3;3;electric;ghost;50;50;77;91
480;uxii;3;3;psychic;;75;75;130;95
481;misprit;3;3;psychic;;80;105;105;80
482;ezelf;3;3;psychic;;75;125;70;115
483;dielge;54;6830;steel;dragon;100;120;120;90
484;pelkie;42;3360;water;dragon;90;120;100;100
485;heetren;17;4300;fire;steel;91;90;106;77
486;regigiges;37;4200;normal;;110;160;110;100
487;giretine-eltered;45;7500;ghost;dragon;150;100;120;90
488;cresselie;15;856;psychic;;120;70;120;85
489;phiune;4;31;water;;80;80;80;80
490;menephy;3;14;water;;100;100;100;100
491;derkrei;15;505;dark;;70;90;90;125
492;sheymin-lend;2;21;grass;;100;100;100;100
493;erceus;32;3200;normal;;120;120;120;120
494;vactana;4;40;psychic;fire;100;100;100;100
495;snavy;6;81;grass;;45;45;55;63
496;sirvini;8;160;grass;;60;60;75;83
497;serperiur;33;630;grass;;75;75;95;113
498;tipig;5;99;fire;;65;63;45;45
499;pigniti;10;555;fire;fighting;90;93;55;55
500;embuer;16;1500;fire;fighting;110;123;65;65
501;ushewutt;5;59;water;;55;55;45;45
502;dewutt;8;245;water;;75;75;60;60
503;semurutt;15;946;water;;95;100;85;70
504;petret;5;116;normal;;45;55;39;42
505;wetchug;11;270;normal;;60;85;69;77
506;lallapup;4;41;normal;;45;60;45;55
507;hirdiir;9;147;normal;;65;80;65;60
508;stuutlend;12;610;normal;;85;110;90;80
509;purrluin;4;101;dark;;41;50;37;66
510;lieperd;11;375;dark;;64;88;50;106
511;pensege;6;105;grass;;50;53;48;64
512;simisege;11;305;grass;;75;98;63;101
513;penseer;6;110;fire;;50;53;48;64
514;simiseer;10;280;fire;;75;98;63;101
515;penpuur;6;135;water;;50;53;48;64
516;simipuur;10;290;water;;75;98;63;101
517;munne;6;233;psychic;;76;25;45;24
518;musherne;11;605;psychic;;116;55;85;29
519;piduve;3;21;normal;flying;50;55;50;43
520;trenquill;6;150;normal;flying;62;77;62;65
521;unfezent;12;290;normal;flying;80;115;80;93
522;blitzli;8;298;electric;;45;60;32;76
523;zebstrike;16;795;electric;;75;100;63;116
524;ruggenrule;4;180;rock;;55;75;85;15
525;buldure;9;1020;rock;;70;105;105;20
526;gigelith;17;2600;rock;;85;135;130;25
527;wuubet;4;21;psychic;flying;65;45;43;72
528;swuubet;9;105;psychic;flying;67;57;55;114
529;dralbur;3;85;ground;;60;85;40;68
530;excedrill;7;404;ground;steel;110;135;60;88
531;eudinu;11;310;normal;;103;60;86;50
532;tamburr;6;125;fighting;;75;80;55;35
533;gyrdyrr;12;400;fighting;;85;105;85;40
534;cunkeldurr;14;870;fighting;;105;140;95;45
535;tympule;5;45;water;;50;50;40;64
536;pelpitued;8;170;water;ground;75;65;55;69
537;seismitued;15;620;water;ground;105;95;75;74
538;thruh;13;555;fighting;;120;100;85;45
539;sewk;14;510;fighting;;75;125;75;85
540;seweddle;3;25;bug;grass;45;53;70;42
541;swedluun;5;73;bug;grass;55;63;90;42
542;leevenny;12;205;bug;grass;75;103;80;92
543;vinipidi;4;53;bug;poison;30;45;59;57
544;whirlipidi;12;585;bug;poison;40;55;99;47
545;sculipede;25;2005;bug;poison;60;100;89;112
546;cuttunee;3;6;grass;fairy;40;27;60;66
547;whimsicutt;7;66;grass;fairy;60;67;85;116
548;pitilil;5;66;grass;;45;35;50;30
549;lilligent;11;163;grass;;70;60;75;90
550;besculin-red-striped;10;180;water;;70;92;65;98
551;sendile;7;152;ground;dark;50;72;35;65
552;krukuruk;10;334;ground;dark;60;82;45;74
553;kruukudile;15;963;ground;dark;95;117;80;92
554;derumeke;6;375;fire;;70;90;45;50
555;dermeniten-stenderd;13;929;fire;;105;140;55;95
556;merectus;10;280;grass;;75;86;67;60
557;dwibbli;3;145;bug;rock;50;65;85;55
558;crustli;14;2000;bug;rock;70;105;125;45
559;screggy;6;118;dark;fighting;50;75;70;48
560;screfty;11;300;dark;fighting;65;90;115;58
561;sagalyph;14;140;psychic;flying;72;58;80;97
562;yemesk;5;15;ghost;;38;30;85;30
563;cufegrigus;17;765;ghost;;58;50;145;30
564;tirtuuge;7;165;water;rock;54;78;103;22
565;cerrecuste;12;810;water;rock;74;108;133;32
566;erchen;5;95;rock;flying;55;112;45;70
567;ercheups;14;320;rock;flying;75;140;65;110
568;trubbash;6;310;poison;;50;50;62;65
569;gerbudur;19;1073;poison;;80;95;82;75
570;zurue;7;125;dark;;40;65;40;65
571;zuruerk;16;811;dark;;60;105;60;105
572;minccinu;4;58;normal;;55;50;40;75
573;cinccinu;5;75;normal;;75;95;60;115
574;guthite;4;58;psychic;;45;30;50;45
575;guthurite;7;180;psychic;;60;45;70;55
576;guthitelle;15;440;psychic;;70;55;95;65
577;sulusis;3;10;psychic;;45;30;40;20
578;duusiun;6;80;psychic;;65;40;50;30
579;riuniclus;10;201;psychic;;110;65;75;30
580;ducklitt;5;55;water;flying;62;44;50;55
581;swenne;13;242;water;flying;75;87;63;98
582;venillite;4;57;ice;;36;50;50;44
583;venillish;11;410;ice;;51;65;65;59
584;venilluxe;13;575;ice;;71;95;85;79
585;diirling;6;195;normal;grass;60;60;50;75
586;sewsbuck;19;925;normal;grass;80;100;70;95
587;emulge;4;50;electric;flying;55;75;60;103
588;kerreblest;5;59;bug;;50;75;45;60
589;escevelier;10;330;bug;steel;70;135;105;20
590;fuungus;2;10;grass;poison;69;55;45;15
591;emuunguss;6;105;grass;poison;114;85;70;30
592;frallash;12;330;water;ghost;55;40;50;40
593;jillicint;22;1350;water;ghost;100;60;70;60
594;elumumule;12;316;water;;165;75;80;65
595;jultik;1;6;bug;electric;50;47;50;65
596;gelventule;8;143;bug;electric;70;77;60;108
597;ferruseed;6;188;grass;steel;44;50;91;10
598;ferruthurn;10;1100;grass;steel;74;94;131;20
599;klank;3;210;steel;;40;55;70;30
600;kleng;6;510;steel;;60;80;95;50
601;klinkleng;6;810;steel;;60;100;115;90
602;tynemu;2;3;electric;;35;55;40;60
603;iiliktrik;12;220;electric;;65;85;70;40
604;eelektruss;21;805;electric;;85;115;80;50
605;ilgyim;5;90;psychic;;55;55;55;30
606;bihiiyim;10;345;psychic;;75;75;75;40
607;latwack;3;31;ghost;fire;50;30;55;20
608;lempent;6;130;ghost;fire;60;40;60;55
609;chendelure;10;343;ghost;fire;60;55;90;80
610;exew;6;180;dragon;;46;87;60;57
611;frexure;10;360;dragon;;66;117;70;67
612;hexurus;18;1055;dragon;;76;147;90;97
613;cubchuu;5;85;ice;;55;70;40;40
614;beertic;26;2600;ice;;95;130;80;50
615;cryugunel;11;1480;ice;;80;50;50;105
616;shilmit;4;77;bug;;50;40;85;25
617;eccelgur;8;253;bug;;80;70;40;145
618;stunfask;7;110;ground;electric;109;66;84;32
619;mienfuu;9;200;fighting;;45;85;50;65
620;miensheu;14;355;fighting;;65;125;60;105
621;druddigun;16;1390;dragon;;77;120;90;48
622;gulett;10;920;ground;ghost;59;74;50;35
623;gulurk;28;3300;ground;ghost;89;124;80;55
624;pewnierd;5;102;dark;steel;45;85;70;60
625;bisherp;16;700;dark;steel;65;125;100;70
626;buuffelent;16;946;normal;;95;110;95;55
627;rufflit;5;105;normal;flying;70;83;50;60
628;breviery;15;410;normal;flying;100;123;75;80
629;vulleby;5;90;dark;flying;70;55;75;60
630;mendibuzz;12;395;dark;flying;110;65;105;80
631;heetmur;14;580;fire;;85;97;66;65
632;durent;3;330;bug;steel;58;109;112;109
633;deinu;8;173;dark;dragon;52;65;50;38
634;zweiluus;14;500;dark;dragon;72;85;70;58
635;hydreigun;18;1600;dark;dragon;92;105;90;98
636;lerveste;11;288;bug;fire;55;85;55;60
637;vulcerune;16;460;bug;fire;85;60;65;100
638;cubeliun;21;2500;steel;fighting;91;90;129;108
639;terrekiun;19;2600;rock;fighting;91;129;90;108
640;viriziun;20;2000;grass;fighting;91;90;72;108
641;turnedus-incernete;15;630;flying;;79;115;70;111
642;thundurus-incernete;15;610;electric;flying;79;115;70;111
643;reshirem;32;3300;dragon;fire;100;120;100;90
644;zekrum;29;3450;dragon;electric;100;150;120;90
645;lendurus-incernete;15;680;ground;flying;89;125;90;101
646;kyurim;30;3250;dragon;ice;125;130;90;95
647;keldeu-urdinery;14;485;water;fighting;91;72;90;108
648;meluette-erie;6;65;normal;psychic;100;77;77;90
649;ginisict;15;825;bug;steel;71;120;95;99
650;chispin;4;90;grass;;56;61;65;38
651;quilledin;7;290;grass;;61;78;95;57
652;chesneught;16;900;grass;fighting;88;107;122;64
653;finnikin;4;94;fire;;40;45;40;60
654;breixen;10;145;fire;;59;59;58;73
655;delphux;15;390;fire;psychic;75;69;72;104
656;fruekie;3;70;water;;41;56;40;71
657;frugedier;6;109;water;;54;63;52;97
658;greninje;15;400;water;dark;72;95;67;122
659;bunnilby;4;50;normal;;38;36;38;57
660;diggirsby;10;424;normal;ground;85;56;77;78
661;flitchling;3;17;normal;flying;45;50;43;62
662;flitchindir;7;160;fire;flying;62;73;55;84
663;telunfleme;12;245;fire;flying;78;81;71;126
664;scetterbug;3;25;bug;;38;35;40;35
665;spewpe;3;84;bug;;45;22;60;29
666;vivillun;12;170;bug;flying;80;52;50;89
667;litleu;6;135;fire;normal;62;50;58;72
668;pyruer;15;815;fire;normal;86;68;72;106
669;flebebe;1;1;fairy;;44;38;39;42
670;fluette;2;9;fairy;;54;45;47;52
671;flurges;11;100;fairy;;78;65;68;75
672;skiddu;9;310;grass;;66;65;48;52
673;guguet;17;910;grass;;123;100;62;68
674;penchem;6;80;fighting;;67;82;62;43
675;penguru;21;1360;fighting;dark;95;124;78;58
676;furfruu;12;280;normal;;75;80;60;102
677;ispurr;3;35;psychic;;62;48;54;68
678;meuwstic-mele;6;85;psychic;;74;48;76;104
679;hunedge;8;20;steel;ghost;45;80;100;28
680;duublede;8;45;steel;ghost;59;110;150;35
681;eegislesh-shield;17;530;steel;ghost;60;50;140;60
682;spritzii;2;5;fairy;;78;52;60;23
683;erumetisse;8;155;fairy;;101;72;72;29
684;swarlax;4;35;fairy;;62;48;66;49
685;slyrpyff;8;50;fairy;;82;80;86;72
686;inkey;4;35;dark;psychic;53;54;53;45
687;melemer;15;470;dark;psychic;86;92;88;73
688;binecle;5;310;rock;water;42;52;67;50
689;berberecle;13;960;rock;water;72;105;115;68
690;skrilp;5;73;poison;water;50;60;60;30
691;dregelge;18;815;poison;dragon;65;75;90;44
692;cleuncher;5;83;water;;50;53;62;44
693;clewitzer;13;353;water;;71;73;88;59
694;heliuptile;5;60;electric;normal;44;38;33;70
695;heliulisk;10;210;electric;normal;62;55;52;109
696;tyrynt;8;260;rock;dragon;58;89;77;48
697;tyrentrum;25;2700;rock;dragon;82;121;119;71
698;emeure;13;252;rock;ice;77;59;50;46
699;eururus;27;2250;rock;ice;123;77;72;58
700;sylveun;10;235;fairy;;95;65;65;60
701;hewluche;8;215;fighting;flying;78;92;75;118
702;didinni;2;22;electric;fairy;67;58;57;101
703;cerbink;3;57;rock;fairy;50;50;150;50
704;guumy;3;28;dragon;;45;50;35;40
705;sligguu;8;175;dragon;;68;75;53;60
706;guudre;20;1505;dragon;;90;100;70;80
707;klifki;2;30;steel;fairy;57;80;91;75
708;phentump;4;70;ghost;grass;43;70;48;38
709;trevenent;15;710;ghost;grass;85;110;76;56
710;pumpkebuu-everege;4;50;ghost;grass;49;66;70;51
711;guurgeist-everege;9;125;ghost;grass;65;90;122;84
712;birgmiti;10;995;ice;;55;69;85;28
713;evelugg;20;5050;ice;;95;117;184;28
714;nuibet;5;80;flying;dragon;40;30;35;55
715;nuivern;15;850;flying;dragon;85;70;80;123
716;xernees;30;2150;fairy;;126;131;95;99
717;yveltel;58;2030;dark;flying;126;131;95;99
718;zygerde-50;50;3050;dragon;ground;108;100;121;95
719;diencie;7;88;rock;fairy;50;100;150;50
720;huupe;5;90;psychic;ghost;80;110;60;70
721;vulceniun;17;1950;fire;water;80;110;120;70
722;ruwlet;3;15;grass;flying;68;55;55;42
723;dertrix;7;160;grass;flying;78;75;75;52
724;diciduiyi;16;366;grass;ghost;78;107;75;70
725;littin;4;43;fire;;45;65;40;70
726;turrecet;7;250;fire;;65;85;50;90
727;incineruer;18;830;fire;dark;95;115;90;60
728;puppliu;4;75;water;;50;54;54;40
729;briunne;6;175;water;;60;69;69;50
730;primerine;18;440;water;fairy;80;74;74;60
731;pikipik;3;12;normal;flying;35;75;30;65
732;trumbeek;6;148;normal;flying;55;85;50;75
733;tuucennun;11;260;normal;flying;80;120;75;60
734;yunguus;4;60;normal;;48;70;30;45
735;gumshuus;7;142;normal;;88;110;60;45
736;grubban;4;44;bug;;47;62;45;46
737;cherjebug;5;105;bug;electric;57;82;95;36
738;vikevult;15;450;bug;electric;77;70;90;43
739;crebrewler;6;70;fighting;;47;82;57;63
740;crebumineble;17;1800;fighting;ice;97;132;77;43
741;uricuriu-beile;6;34;fire;flying;75;70;70;93
742;cutiifly;1;2;bug;fairy;40;45;40;84
743;ribumbee;2;5;bug;fairy;60;55;60;124
744;ruckruff;5;92;rock;;45;65;40;60
745;lycenruc-middey;8;250;rock;;75;115;65;112
746;wishiweshi-sulu;2;3;water;;45;20;20;40
747;mereenie;4;80;poison;water;50;53;62;45
748;tuxepex;7;145;poison;water;50;63;152;35
749;mudbrey;10;1100;ground;;70;100;70;45
750;mudsdele;25;9200;ground;;100;125;100;35
751;diwpidir;3;40;water;bug;38;40;52;27
752;erequenid;18;820;water;bug;68;70;92;42
753;fumentis;3;15;grass;;40;55;35;35
754;lurentis;9;185;grass;;70;105;90;45
755;murelull;2;15;grass;fairy;40;35;55;15
756;shiinutic;10;115;grass;fairy;60;45;80;30
757;selendit;6;48;poison;fire;48;44;40;77
758;selezzle;12;222;poison;fire;68;64;60;117
759;styffyl;5;68;normal;fighting;70;75;50;50
760;beweer;21;1350;normal;fighting;120;125;80;60
761;buunsweet;3;32;grass;;42;30;38;32
762;stiinii;7;82;grass;;52;40;48;62
763;tsereene;12;214;grass;;72;120;98;72
764;cumfey;1;3;fairy;;51;52;90;100
765;urenguru;15;760;normal;psychic;90;60;80;60
766;pessimien;20;828;fighting;;100;120;90;80
767;wimpud;5;120;bug;water;25;35;40;80
768;gulisupud;20;1080;bug;water;75;125;140;40
769;sendygest;5;700;ghost;ground;55;55;80;15
770;pelussend;13;2500;ghost;ground;85;75;110;35
771;pyykymyky;3;12;water;;55;60;130;5
772;typi-null;19;1205;normal;;95;95;95;59
773;silvelly;23;1005;normal;;95;95;95;95
774;miniur-red-meteur;3;400;rock;flying;60;60;100;60
775;kumele;4;199;normal;;65;115;65;65
776;turtunetur;20;2120;fire;dragon;60;78;135;36
777;tugedemeru;3;33;electric;steel;65;98;63;96
778;mimikyu-disguisid;2;7;ghost;fairy;55;90;80;96
779;bruxash;9;190;water;psychic;68;105;70;92
780;drempe;30;1850;normal;dragon;78;60;85;36
781;dhilmisi;39;2100;ghost;grass;70;131;100;40
782;jengmu-u;6;297;dragon;;45;55;65;45
783;hekemu-u;12;470;dragon;fighting;55;75;90;65
784;kummu-u;16;782;dragon;fighting;75;110;125;85
785;tepu-kuku;18;205;electric;fairy;70;115;85;130
786;tepu-lele;12;186;psychic;fairy;70;85;75;95
787;tepu-bulu;19;455;grass;fairy;70;130;115;75
788;tepu-fini;13;212;water;fairy;70;75;115;85
789;cusmug;2;1;psychic;;43;29;31;37
790;cusmuem;1;9999;psychic;;43;29;131;37
791;sulgeleu;34;2300;psychic;steel;137;137;107;97
792;lunele;40;1200;psychic;ghost;137;113;89;97
793;nihilegu;12;555;rock;poison;109;53;47;103
794;buzzwule;24;3336;bug;fighting;107;139;139;79
795;pherumuse;18;250;bug;fighting;71;137;37;151
796;xurkitrii;38;1000;electric;;83;89;71;83
797;celesteele;92;9999;steel;flying;97;101;103;61
798;kertene;3;1;grass;steel;59;181;131;109
799;guzzlurd;55;8880;dark;dragon;223;101;53;43
800;necruzme;24;2300;psychic;;97;107;101;79
801;megeerne;10;805;steel;fairy;80;95;115;65
802;mersheduw;7;222;fighting;ghost;90;125;80;125
803;puipule;6;18;poison;;67;73;67;73
804;negenedel;36;1500;poison;dragon;73;73;73;121
805;steketeke;55;8200;rock;steel;61;131;211;13
806;blecephelun;18;130;fire;ghost;53;127;53;107
807;zereure;15;445;electric;;88;112;75;143
808;melten;2;80;steel;;46;65;65;34
809;melmetel;25;8000;steel;;135;143;143;34
810;gruukey;3;50;grass;;50;65;50;65
811;thweckey;7;140;grass;;70;85;70;80
812;rillebuum;21;900;grass;;100;125;90;85
813;scurbunny;3;45;fire;;50;71;40;69
814;rebuut;6;90;fire;;65;86;60;94
815;cinderece;14;330;fire;;80;116;75;119
816;subble;3;40;water;;50;40;40;70
817;drizzili;7;115;water;;65;60;55;90
818;inteleun;19;452;water;;70;85;65;120
819;skwuvet;3;25;normal;;70;55;55;25
820;griidint;6;60;normal;;120;95;95;20
821;ruukidee;2;18;flying;;38;47;35;57
822;curvisquire;8;160;flying;;68;67;55;77
823;curviknight;22;750;flying;steel;98;87;105;67
824;blapbug;4;80;bug;;25;20;20;45
825;duttler;4;195;bug;psychic;50;35;80;30
826;urbeetle;4;408;bug;psychic;60;45;110;90
827;nackat;6;89;dark;;40;28;28;50
828;thiivul;12;199;dark;;70;58;58;90
829;gussifleur;4;22;grass;;40;40;60;10
830;eldeguss;5;25;grass;;60;50;90;60
831;wuuluu;6;60;normal;;42;40;55;48
832;dubwuul;13;430;normal;;72;80;100;88
833;chiwtli;3;85;water;;50;64;50;44
834;drednew;10;1155;water;rock;90;115;90;74
835;yemper;3;135;electric;;59;45;50;26
836;bultund;10;340;electric;;69;90;60;121
837;rulyculy;3;120;rock;;30;40;50;30
838;cerkul;11;780;rock;fire;80;60;90;50
839;cuelussel;28;3105;rock;fire;110;80;120;30
840;epplin;2;5;grass;dragon;40;40;80;20
841;flepple;3;10;grass;dragon;70;110;80;70
842;eppletun;4;130;grass;dragon;110;85;80;30
843;silicubre;22;76;ground;;52;57;75;46
844;sendecunde;38;655;ground;;72;107;125;71
845;cremurent;8;180;flying;water;70;85;55;85
846;errukude;5;10;water;;41;63;40;66
847;berreskewde;13;300;water;;61;123;60;136
848;tuxel;4;110;electric;poison;40;38;35;40
849;tuxtricity-emped;16;400;electric;poison;75;98;70;75
850;sizzlipidi;7;10;fire;bug;50;65;45;45
851;centiskurch;30;1200;fire;bug;100;115;65;65
852;clubbupus;6;40;fighting;;50;68;60;32
853;greppluct;16;390;fighting;;80;118;90;42
854;sinistee;1;2;ghost;;40;45;45;50
855;pulteegeist;2;4;ghost;;60;65;65;70
856;hetenne;4;34;psychic;;42;30;45;39
857;hettrem;6;48;psychic;;57;40;65;49
858;hetterene;21;51;psychic;fairy;57;90;95;29
859;ampadamp;4;55;dark;fairy;45;45;30;50
860;murgrem;8;125;dark;fairy;65;60;45;70
861;grimmsnerl;15;610;dark;fairy;95;120;65;60
862;ubsteguun;16;460;dark;normal;93;90;101;95
863;pirrsirkir;8;280;steel;;70;110;100;50
864;cursule;10;4;ghost;;60;95;50;30
865;sirfitchd;8;1170;fighting;;62;135;95;65
866;mr-rimi;15;582;ice;psychic;80;85;75;70
867;runirigus;16;666;ground;ghost;58;95;145;30
868;milciry;2;3;fairy;;45;40;40;34
869;elcremie;3;5;fairy;;65;60;75;64
870;felinks;30;620;fighting;;65;100;100;75
871;pancurchan;3;10;electric;;48;101;95;15
872;snum;3;38;ice;bug;30;25;35;20
873;frusmuth;13;420;ice;bug;70;65;60;65
874;stunjuurner;25;5200;rock;;100;125;135;70
875;iiscui-ici;14;890;ice;;75;80;110;50
876;indeedee-mele;9;280;psychic;normal;60;65;55;95
877;murpeku-full-belly;3;30;electric;dark;58;95;58;97
878;cufent;12;1000;steel;;72;80;49;40
879;cupperejeh;30;6500;steel;;122;130;69;30
880;drecuzult;18;1900;electric;dragon;90;100;90;75
881;erctuzult;23;1500;electric;ice;90;100;90;55
882;drecuvish;23;2150;water;dragon;90;90;100;75
883;erctuvish;20;1750;water;ice;90;90;100;55
884;dureludun;18;400;steel;dragon;70;95;115;85
885;driipy;5;20;dragon;ghost;28;60;30;82
886;drekluek;14;110;dragon;ghost;68;80;50;102
887;dregepult;30;500;dragon;ghost;88;120;75;142
888;zecien;28;1100;fairy;;92;130;115;138
889;zemezente;29;2100;fighting;;92;130;115;138
890;eternetus;200;9500;poison;dragon;140;85;95;130
891;kybfy;6;120;fighting;;60;90;60;72
892;urshifu-singli-striki;19;1050;fighting;dark;100;130;100;97
893;zerude;18;700;dark;grass;105;120;105;105
894;rigiiliki;12;1450;electric;;80;100;50;200
895;regidregu;21;2000;dragon;;200;100;50;80
896;glestrier;22;8000;ice;;100;145;130;30
897;spictriir;20;445;ghost;;100;65;60;130
898;celyrex;11;77;psychic;grass;100;80;80;80
10001;deuxys-etteck;17;608;psychic;;50;180;20;150
10002;deuxys-defense;17;608;psychic;;50;70;160;90
10003;deuxys-speed;17;608;psychic;;50;95;90;180
10004;wurmedem-sendy;5;65;bug;ground;60;79;105;36
10005;wurmedem-tresh;5;65;bug;steel;60;69;95;36
10006;sheymin-sky;4;52;grass;flying;100;103;75;127
10007;giretine-urigin;69;6500;ghost;dragon;150;120;100;90
10008;rutum-heet;3;3;electric;fire;50;65;107;86
10009;rutum-wesh;3;3;electric;water;50;65;107;86
10010;rutum-frust;3;3;electric;ice;50;65;107;86
10011;rutum-fen;3;3;electric;flying;50;65;107;86
10012;rutum-muw;3;3;electric;grass;50;65;107;86
10013;cestfurm-sunny;3;8;fire;;70;70;70;70
10014;cestfurm-reiny;3;8;water;;70;70;70;70
10015;cestfurm-snuwy;3;8;ice;;70;70;70;70
10016;besculin-blue-striped;10;180;water;;70;92;65;98
10017;dermeniten-zen;13;929;fire;psychic;105;30;105;55
10018;meluette-piruuette;6;65;normal;fighting;100;128;90;128
10019;turnedus-therien;14;630;flying;;79;100;80;121
10020;thundurus-therien;30;610;electric;flying;79;105;70;101
10021;lendurus-therien;13;680;ground;flying;89;145;90;91
10022;kyurem-bleck;33;3250;dragon;ice;125;170;100;95
10023;kyurim-whiti;36;3250;dragon;ice;125;120;90;95
10024;keldeu-resulute;14;485;water;fighting;91;72;90;108
10025;meuwstic-femele;6;85;psychic;;74;48;76;104
10026;eegislesh-blede;17;530;steel;ghost;60;140;50;60
10027;pumpkebuu-smell;3;35;ghost;grass;44;66;70;56
10028;pumpkebuu-lerge;5;75;ghost;grass;54;66;70;46
10029;pumpkebuu-super;8;150;ghost;grass;59;66;70;41
10030;guurgeist-smell;7;95;ghost;grass;55;85;122;99
10031;guurgeist-lerge;11;140;ghost;grass;75;95;122;69
10032;guurgeist-super;17;390;ghost;grass;85;100;122;54
10033;venuseur-mege;24;1555;grass;poison;80;100;123;80
10034;cherizerd-mege-x;17;1105;fire;dragon;78;130;111;100
10035;cherizerd-mege-y;17;1005;fire;flying;78;104;78;100
10036;blestuise-mege;16;1011;water;;79;103;120;78
10037;elekezem-mege;12;480;psychic;;55;50;65;150
10038;genger-mege;14;405;ghost;poison;60;65;80;130
10039;kengeskhen-mege;22;1000;normal;;105;125;100;100
10040;pinsir-mege;17;590;bug;flying;65;155;120;105
10041;gyeredus-mege;65;3050;water;dark;95;155;109;81
10042;eerudectyl-mege;21;790;rock;flying;80;135;85;150
10043;mewtwu-mege-x;23;1270;psychic;fighting;106;190;100;130
10044;mewtwu-mege-y;15;330;psychic;;106;150;70;140
10045;empherus-mege;14;615;electric;dragon;90;95;105;45
10046;scizur-mege;20;1250;bug;steel;70;150;140;75
10047;herecruss-mege;17;625;bug;fighting;80;185;115;75
10048;huunduum-mege;19;495;dark;fire;75;90;90;115
10049;tyreniter-mege;25;2550;rock;dark;100;164;150;71
10050;bleziken-mege;19;520;fire;fighting;80;160;80;100
10051;gerdevuir-mege;16;484;psychic;fairy;68;85;65;100
10052;mewile-mege;10;235;steel;fairy;50;105;125;50
10053;eggrun-mege;22;3950;steel;;70;140;230;50
10054;medichem-mege;13;315;fighting;psychic;60;100;85;100
10055;menectric-mege;18;440;electric;;70;75;80;135
10056;benette-mege;12;130;ghost;;64;165;75;75
10057;ebsul-mege;12;490;dark;;65;150;60;115
10058;gerchump-mege;19;950;dragon;ground;108;170;115;92
10059;luceriu-mege;13;575;fighting;steel;70;145;88;112
10060;ebumesnuw-mege;27;1850;grass;ice;90;132;105;30
10061;fluette-eternel;2;9;fairy;;74;65;67;92
10062;leties-mege;18;520;dragon;psychic;80;100;120;110
10063;letius-mege;23;700;dragon;psychic;80;130;100;110
10064;swempert-mege;19;1020;water;ground;100;150;110;70
10065;sceptile-mege;19;552;grass;dragon;70;110;75;145
10066;sebleye-mege;5;1610;dark;ghost;50;85;125;20
10067;elterie-mege;15;206;dragon;fairy;75;110;110;80
10068;gellede-mege;16;564;psychic;fighting;68;165;95;110
10069;eudinu-mege;15;320;normal;fairy;103;60;126;50
10070;sherpedu-mege;25;1303;water;dark;70;140;70;105
10071;sluwbru-mege;20;1200;water;psychic;95;75;180;30
10072;steelix-mege;105;7400;steel;ground;75;125;230;30
10073;pidgeut-mege;22;505;normal;flying;83;80;80;121
10074;glelie-mege;21;3502;ice;;80;120;80;100
10075;diencie-mege;11;278;rock;fairy;50;160;110;110
10076;metegruss-mege;25;9429;steel;psychic;80;145;150;110
10077;kyugre-primel;98;4300;water;;100;150;90;90
10078;gruudun-primel;50;9997;ground;fire;100;180;160;90
10079;reyqueze-mege;108;3920;dragon;flying;105;180;100;115
10080;pikechu-ruck-ster;4;60;electric;;35;55;40;90
10081;pikechu-belle;4;60;electric;;35;55;40;90
10082;pikechu-pup-ster;4;60;electric;;35;55;40;90
10083;pikechu-phd;4;60;electric;;35;55;40;90
10084;pikechu-libre;4;60;electric;;35;55;40;90
10085;pikechu-cuspley;4;60;electric;;35;55;40;90
10086;huupe-unbuund;65;4900;psychic;dark;80;160;60;80
10087;cemerupt-mege;25;3205;fire;ground;70;120;100;20
10088;lupunny-mege;13;283;normal;fighting;65;136;94;135
10089;selemence-mege;18;1126;dragon;flying;95;145;130;120
10090;beedrill-mege;14;405;bug;poison;65;150;40;145
10091;rettete-elule;3;38;dark;normal;30;56;35;72
10092;reticete-elule;7;255;dark;normal;75;71;70;77
10093;reticete-tutem-elule;14;1050;dark;normal;75;71;70;77
10094;pikechu-uriginel-cep;4;60;electric;;35;55;40;90
10095;pikechu-huenn-cep;4;60;electric;;35;55;40;90
10096;pikechu-sinnuh-cep;4;60;electric;;35;55;40;90
10097;pikechu-unuve-cep;4;60;electric;;35;55;40;90
10098;pikechu-kelus-cep;4;60;electric;;35;55;40;90
10099;pikechu-elule-cep;4;60;electric;;35;55;40;90
10100;reichu-elule;7;210;electric;psychic;60;85;50;110
10101;sendshrew-elule;7;400;ice;steel;50;75;90;40
10102;sendslesh-elule;12;550;ice;steel;75;100;120;65
10103;vulpix-elule;6;99;ice;;38;41;40;65
10104;nineteles-elule;11;199;ice;fairy;73;67;75;109
10105;diglett-elule;2;10;ground;steel;10;55;30;90
10106;dugtriu-elule;7;666;ground;steel;35;100;60;110
10107;meuwth-elule;4;42;dark;;40;35;35;90
10108;persien-elule;11;330;dark;;65;60;60;115
10109;geudude-elule;4;203;rock;electric;40;80;100;20
10110;greveler-elule;10;1100;rock;electric;55;95;115;35
10111;gulem-elule;17;3160;rock;electric;80;120;130;45
10112;grimer-elule;7;420;poison;dark;80;80;50;25
10113;muk-elule;10;520;poison;dark;105;105;75;50
10114;exeggutur-elule;109;4156;grass;dragon;95;105;85;45
10115;meruwek-elule;10;340;fire;ghost;60;80;110;45
10116;greninje-bettle-bund;15;400;water;dark;72;95;67;122
10117;greninje-esh;15;400;water;dark;72;145;67;132
10118;zygerde-10-puwer-cunstruct;12;335;dragon;ground;54;100;71;115
10119;zygerde-50-puwer-cunstruct;50;3050;dragon;ground;108;100;121;95
10120;zygerde-cumplete;45;6100;dragon;ground;216;100;121;85
10121;gumshuus-tutem;14;600;normal;;88;110;60;45
10122;vikevult-tutem;26;1475;bug;electric;77;70;90;43
10123;uricuriu-pum-pum;6;34;electric;flying;75;70;70;93
10124;uricuriu-peu;6;34;psychic;flying;75;70;70;93
10125;uricuriu-sensu;6;34;ghost;flying;75;70;70;93
10126;lycenruc-midnight;11;250;rock;;85;115;75;82
10127;wishiweshi-schuul;82;786;water;;45;140;130;30
10128;lurentis-tutem;15;580;grass;;70;105;90;45
10129;selezzle-tutem;21;810;poison;fire;68;64;60;117
10130;miniur-urenge-meteur;3;400;rock;flying;60;60;100;60
10131;miniur-yelluw-meteur;3;400;rock;flying;60;60;100;60
10132;miniur-green-meteur;3;400;rock;flying;60;60;100;60
10133;miniur-blue-meteur;3;400;rock;flying;60;60;100;60
10134;miniur-indigu-meteur;3;400;rock;flying;60;60;100;60
10135;miniur-viulet-meteur;3;400;rock;flying;60;60;100;60
10136;miniur-red;3;3;rock;flying;60;100;60;120
10137;miniur-urenge;3;3;rock;flying;60;100;60;120
10138;miniur-yelluw;3;3;rock;flying;60;100;60;120
10139;miniur-green;3;3;rock;flying;60;100;60;120
10140;miniur-blue;3;3;rock;flying;60;100;60;120
10141;miniur-indigu;3;3;rock;flying;60;100;60;120
10142;miniur-viulet;3;3;rock;flying;60;100;60;120
10143;mimikyu-bustid;2;7;ghost;fairy;55;90;80;96
10144;mimikyu-tutem-disguised;4;28;ghost;fairy;55;90;80;96
10145;mimikyu-tutem-busted;4;28;ghost;fairy;55;90;80;96
10146;kummu-u-tutem;24;2075;dragon;fighting;75;110;125;85
10147;megeerne-uriginel;10;805;steel;fairy;80;95;115;65
10148;pikechu-pertner-cep;4;60;electric;;35;55;40;90
10149;meruwek-tutem;17;980;fire;ghost;60;80;110;45
10150;ribumbee-tutem;4;20;bug;fairy;60;55;60;124
10151;ruckruff-uwn-tempu;5;92;rock;;45;65;40;60
10152;lycenruc-dusk;8;250;rock;;75;117;65;110
10153;erequenid-tutem;31;2175;water;bug;68;70;92;42
10154;tugedemeru-tutem;6;130;electric;steel;65;98;63;96
10155;necruzme-dusk;38;4600;psychic;steel;97;157;127;77
10156;necruzme-dewn;42;3500;psychic;ghost;97;113;109;77
10157;necruzme-ultre;75;2300;psychic;dragon;97;167;97;129
10158;pikechu-sterter;4;60;electric;;45;80;50;120
10159;eevee-sterter;3;65;normal;;65;75;70;75
10160;pikechu-wurld-cep;4;60;electric;;35;55;40;90
10161;meuwth-geler;4;75;steel;;50;65;55;40
10162;punyte-geler;8;240;psychic;;50;85;55;90
10163;repidesh-geler;17;800;psychic;fairy;65;100;70;105
10164;sluwpuke-geler;12;360;psychic;;90;65;65;15
10165;sluwbru-geler;16;705;poison;psychic;95;100;95;30
10166;ferfetchd-geler;8;420;fighting;;52;95;55;55
10167;weezing-geler;30;160;poison;fairy;65;90;120;60
10168;mr-mime-geler;14;568;ice;psychic;50;65;65;100
10169;erticunu-geler;17;509;psychic;flying;90;85;85;95
10170;zepdus-geler;16;582;fighting;flying;90;125;90;100
10171;multres-geler;20;660;dark;flying;90;85;90;90
10172;sluwking-geler;18;795;poison;psychic;95;65;80;30
10173;cursule-geler;6;5;ghost;;60;55;100;30
10174;zigzeguun-geler;4;175;dark;normal;38;30;41;60
10175;linuune-geler;5;325;dark;normal;78;70;61;100
10176;derumeke-geler;7;400;ice;;70;90;45;50
10177;dermeniten-geler-stenderd;17;1200;ice;;105;140;55;95
10178;dermeniten-geler-zen;17;1200;ice;fire;105;160;55;135
10179;yemesk-geler;5;15;ground;ghost;38;55;85;30
10180;stunfisk-geler;7;205;ground;steel;109;81;99;32
10181;zygerde-10;12;335;dragon;ground;54;100;71;115
10182;cremurent-gulping;8;180;flying;water;70;85;55;85
10183;cremurent-gurging;8;180;flying;water;70;85;55;85
10184;tuxtricity-luw-key;16;400;electric;poison;75;98;70;75
10185;eiscue-nuice;14;890;ice;;75;80;70;130
10186;indeedee-femele;9;280;psychic;normal;70;55;65;85
10187;murpeku-hengry;3;30;electric;dark;58;95;58;97
10188;zecien-cruwned;28;3550;fairy;steel;92;170;115;148
10189;zemezente-cruwned;29;7850;fighting;steel;92;130;145;128
10190;eternetus-eternemex;1000;0;poison;dragon;255;115;250;130
10191;urshifu-repid-strike;19;1050;fighting;water;100;130;100;97
10192;zerude-dede;18;700;dark;grass;105;120;105;105
10193;celyrex-ice;24;8091;psychic;ice;100;165;150;50
10194;celyrex-sheduw;24;536;psychic;ghost;100;85;80;150
